time,sc_0,sc_1,sc_2,sc_3,sc_4,sc_5,sc_6,sc_7,sc_8,sc_9,sc_10,sc_11,sc_12,sc_13,sc_14,sc_15,sc_16,sc_17,sc_18,sc_19,sc_20,sc_21,sc_22,sc_23,sc_24,sc_25,sc_26,sc_27,sc_28,sc_29,sc_30,sc_31,sc_32,sc_33,sc_34,sc_35,sc_36,sc_37,sc_38,sc_39,sc_40,sc_41,sc_42,sc_43,sc_44,sc_45,sc_46,sc_47,sc_48,sc_49,sc_50,mean,obs
2011_1,228.2,286.27000000000004,175.68,229.10000000000002,275.91,218.93,333.10999999999996,282.2,202.74,313.93,259.52,417.88,259.7,189.31,221.31,204.32,144.52,211.39999999999998,186.01000000000002,198.74,183.63,226.12,193.37,294.07,212.65,,,,,,,,,,,,,,,,,,,,,,,,,,,237.96,383.49
2011_2,354.19,662.04,407.39,412.9,296.8,433.9,431.03,424.44000000000005,447.66,311.72,373.54999999999995,507.58,350.53999999999996,460.36,208.06,302.56,231.29,378.59999999999997,598.6600000000001,382.09000000000003,454.38,385.33000000000004,538.1600000000001,406.57,387.76,,,,,,,,,,,,,,,,,,,,,,,,,,,405.94000000000005,789.77
2011_3,549.5699999999999,662.38,883.11,631.98,607.49,664.21,869.15,711.8199999999999,414.08000000000004,558.97,417.12,628.42,1024.68,587.51,420.87,614.78,690.01,460.19,904.4300000000001,752.48,666.04,645.48,423.08,881.87,737.6299999999999,,,,,,,,,,,,,,,,,,,,,,,,,,,656.31,1304.0
2011_4,794.8800000000001,837.94,1394.06,1112.85,622.37,1112.94,657.0300000000001,1221.75,742.06,846.72,851.87,1199.22,787.11,590.1600000000001,683.23,551.95,756.2,823.28,708.6499999999999,857.64,758.22,753.77,902.04,718.11,839.4000000000001,,,,,,,,,,,,,,,,,,,,,,,,,,,844.9300000000001,1537.53
2011_5,1094.2,760.3299999999999,1102.79,883.57,592.97,886.4699999999999,867.9200000000001,595.78,873.48,1240.46,728.22,816.83,1332.9299999999998,439.59000000000003,799.87,685.8,696.03,750.47,522.36,1034.71,999.28,824.0100000000001,891.24,1061.6599999999999,1067.26,,,,,,,,,,,,,,,,,,,,,,,,,,,861.9399999999999,1506.7500000000002
2011_6,510.32000000000005,530.95,673.4100000000001,632.52,988.26,928.98,731.03,828.8199999999999,1004.2299999999999,910.13,1150.79,1135.57,973.7900000000001,824.04,777.89,947.97,1022.0,937.98,1414.03,894.6400000000001,994.03,769.01,741.0899999999999,783.2,776.52,,,,,,,,,,,,,,,,,,,,,,,,,,,875.27,1426.6
2011_7,637.34,474.18,900.9300000000001,693.1500000000001,599.85,431.5,776.0799999999999,642.9399999999999,833.1999999999999,575.88,477.57,777.4300000000001,527.17,726.37,425.20000000000005,461.65999999999997,570.8399999999999,767.4699999999999,644.6700000000001,651.64,648.41,1025.2199999999998,410.12999999999994,586.09,830.5400000000001,,,,,,,,,,,,,,,,,,,,,,,,,,,643.7799999999999,1073.9
2011_8,657.41,603.4399999999998,618.26,504.97,506.48,517.32,560.21,570.97,506.14000000000004,462.62,413.74000000000007,540.6,698.74,579.3199999999999,327.53,576.81,475.00999999999993,583.54,360.46000000000004,548.42,383.17999999999995,737.5699999999999,325.97999999999996,604.9700000000001,543.1600000000001,,,,,,,,,,,,,,,,,,,,,,,,,,,528.3000000000001,528.35
2011_9,480.44,328.11,367.12,365.14000000000004,366.11,288.29,252.46,168.95000000000002,416.81,401.35999999999996,278.96999999999997,520.5,152.34000000000003,263.39,378.22999999999996,412.17,403.1000000000001,211.37,219.85000000000002,532.33,262.92,246.07,436.22,390.50999999999993,240.21,,,,,,,,,,,,,,,,,,,,,,,,,,,335.29,272.44
2011_10,125.05999999999999,120.1,156.42000000000002,169.29999999999998,191.44,170.14999999999998,112.22,133.26,118.23000000000002,156.45,105.27,235.92,174.25,126.85000000000001,257.57,211.34,139.61,105.28999999999999,153.41,183.68999999999997,176.51,113.22999999999999,140.13,154.79999999999998,112.87,,,,,,,,,,,,,,,,,,,,,,,,,,,153.71999999999997,137.04
2011_11,148.13000000000002,217.14000000000001,171.33999999999997,170.78,244.23,184.15,203.0,262.33,267.34000000000003,248.56,260.99,236.42000000000002,218.14999999999998,150.16,271.11,198.02,140.62,208.35,168.13,233.68,296.43,136.42000000000002,179.25,247.47,208.14000000000001,,,,,,,,,,,,,,,,,,,,,,,,,,,210.8,153.0
2011_12,199.69,198.96,194.13,181.6,177.51999999999998,254.22000000000003,169.93,211.42000000000002,223.6,208.22,132.85,151.85000000000002,138.12,236.76,210.84,156.3,218.96999999999997,178.45,205.79999999999998,200.23000000000002,175.93,176.28,236.26,194.82,227.73,,,,,,,,,,,,,,,,,,,,,,,,,,,194.4,210.17000000000002
2012_1,205.94,243.35000000000002,291.49,236.19,293.1,264.62,279.05,215.09,209.92,244.45999999999998,302.55,213.32999999999998,283.89,411.40000000000003,262.41,311.32000000000005,295.15,273.16999999999996,166.4,240.94,202.37,226.19,408.9,227.89999999999998,337.50000000000006,,,,,,,,,,,,,,,,,,,,,,,,,,,265.93,242.52
2012_2,477.05,351.51,342.24,428.34000000000003,268.5,334.77,314.33000000000004,426.61,288.9,292.66999999999996,458.71000000000004,236.89999999999998,319.04,277.28,413.97,329.98,414.78,251.76999999999998,397.0,268.44,264.14,382.62,418.98,334.38,403.88999999999993,,,,,,,,,,,,,,,,,,,,,,,,,,,347.90999999999997,312.81
2012_3,779.69,629.37,627.47,410.70000000000005,563.96,627.87,875.2600000000001,722.74,494.87,461.8,621.6,623.4100000000001,573.6700000000001,583.69,790.72,643.88,854.37,818.47,584.22,704.3199999999999,632.9300000000001,427.84000000000003,981.6099999999999,883.1,383.08000000000004,,,,,,,,,,,,,,,,,,,,,,,,,,,652.0899999999999,635.4000000000001
2012_4,703.1800000000001,762.46,811.59,909.5799999999999,727.78,1114.4299999999998,881.1800000000001,1050.37,938.36,580.23,892.23,330.71000000000004,973.37,380.89,1161.56,718.86,676.05,1028.03,742.85,1048.94,555.91,996.77,880.91,968.09,706.23,,,,,,,,,,,,,,,,,,,,,,,,,,,821.6099999999999,894.97
2012_5,979.28,630.1300000000001,562.57,548.11,688.52,796.7199999999999,1009.62,1199.44,714.76,889.3900000000001,558.5999999999999,1001.7499999999999,390.13,747.8500000000001,821.48,639.18,637.85,838.1,766.4499999999999,986.44,952.85,1324.68,660.26,498.64,851.97,,,,,,,,,,,,,,,,,,,,,,,,,,,787.8599999999999,944.7
2012_6,414.15999999999997,563.83,830.32,841.9399999999999,883.83,946.8900000000001,649.82,1036.01,1015.0100000000001,1089.8400000000001,981.48,744.6599999999999,903.34,746.24,1217.52,1099.4499999999998,906.5699999999999,745.72,722.9300000000001,669.85,1133.68,638.99,556.02,781.6700000000001,871.0699999999999,,,,,,,,,,,,,,,,,,,,,,,,,,,839.59,945.9699999999999
2012_7,1067.8,611.3500000000001,802.86,1019.98,984.0800000000002,869.0699999999999,850.6099999999999,606.45,1057.6100000000001,961.37,530.23,326.84000000000003,1370.2799999999997,511.88,837.99,477.41999999999996,574.4,670.88,767.9699999999999,1120.63,663.1099999999999,956.45,887.03,730.6700000000001,1097.25,,,,,,,,,,,,,,,,,,,,,,,,,,,814.1899999999999,913.3
2012_8,594.41,484.06,998.7199999999999,810.0399999999998,604.72,601.33,701.38,591.39,300.21,404.31,631.3299999999999,717.3299999999999,562.26,569.32,376.68999999999994,487.35999999999996,555.53,630.29,291.98,741.0400000000001,421.48,650.9099999999999,899.87,571.8500000000001,765.0800000000002,,,,,,,,,,,,,,,,,,,,,,,,,,,598.54,637.14
2012_9,204.57999999999998,378.46000000000004,110.94999999999999,153.60999999999999,196.37,394.3,265.31,266.66999999999996,222.66,192.74,374.56000000000006,418.71,221.16999999999996,351.62,259.95,241.4,182.85999999999999,366.46,420.29,253.09,234.06,266.11,465.45000000000005,204.60000000000002,295.42,,,,,,,,,,,,,,,,,,,,,,,,,,,277.63,340.43999999999994
2012_10,101.20000000000002,90.08000000000001,148.92000000000002,167.65,130.31,140.49,195.26999999999998,131.62,136.8,176.38,237.82,87.61999999999999,91.09,212.70000000000002,259.23,143.99,187.49,139.38,122.9,119.25999999999999,107.63,139.15,194.10000000000002,185.46999999999997,206.79000000000002,,,,,,,,,,,,,,,,,,,,,,,,,,,154.08,221.25000000000003
2012_11,211.47,149.92,241.62,205.41000000000003,150.95999999999998,120.98,253.89,232.13,161.27999999999997,155.60999999999999,221.71999999999997,192.85,264.66999999999996,155.59,173.22,150.94000000000003,234.22999999999996,138.97,137.38,152.37,114.53,198.79,180.58,239.32999999999998,245.75,,,,,,,,,,,,,,,,,,,,,,,,,,,187.35000000000002,216.63
2012_12,310.87,316.03,226.07999999999998,159.05,247.93,237.56,254.22999999999996,193.77999999999997,246.98000000000002,184.87,131.78,201.71,282.13,184.07,221.37,140.48,194.34,262.22,236.45,172.61,161.3,187.25,190.32,163.73,193.84,,,,,,,,,,,,,,,,,,,,,,,,,,,212.02999999999997,240.53999999999996
2013_1,192.62,304.36,293.93,192.29,226.7,241.10999999999999,230.89,292.96,285.77,348.72,276.92,194.56,250.04000000000002,325.72,200.52999999999997,272.73,262.44,327.29999999999995,314.65,272.86,250.28,274.36,347.59000000000003,270.37,191.85,,,,,,,,,,,,,,,,,,,,,,,,,,,265.63,286.38
2013_2,350.88,393.07000000000005,492.97999999999996,361.6,342.67,399.1,556.39,503.89,379.87,396.91,452.03,269.88,397.51,368.63,463.13,401.88,519.43,384.21999999999997,398.74,353.35,587.83,602.8000000000001,388.93,533.4,477.99,,,,,,,,,,,,,,,,,,,,,,,,,,,431.03999999999996,378.29
2013_3,517.5799999999999,990.1700000000001,866.6700000000001,449.01,679.7,415.84,989.5500000000001,470.34000000000003,893.9,838.4,778.76,656.03,467.06000000000006,483.82,616.77,445.5,562.3000000000001,396.01,348.53,728.49,949.98,857.17,589.1099999999999,580.47,598.86,,,,,,,,,,,,,,,,,,,,,,,,,,,646.81,780.8199999999999
2013_4,639.68,618.17,1035.24,805.46,943.5999999999999,717.5200000000001,735.2099999999999,695.76,1080.29,1001.85,616.89,880.71,629.26,1218.09,812.22,716.53,876.89,893.9,697.6700000000001,1234.56,1180.93,674.25,993.88,737.25,777.04,,,,,,,,,,,,,,,,,,,,,,,,,,,848.56,848.41
2013_5,703.28,1120.83,582.2299999999999,1141.16,904.53,1223.0700000000002,1452.5800000000002,855.3,1202.06,1074.75,1169.85,930.77,1239.02,794.7,997.3200000000002,1055.06,708.05,937.9000000000001,714.4399999999999,1220.46,1025.31,822.54,822.63,973.8299999999999,1280.72,,,,,,,,,,,,,,,,,,,,,,,,,,,998.05,913.84
2013_6,1075.1599999999999,1094.8300000000002,1010.5100000000001,1133.55,803.87,970.74,664.21,554.4399999999999,1158.27,1263.84,1076.01,888.1700000000001,777.7900000000001,783.11,675.03,809.63,1522.4999999999998,842.2400000000001,845.97,1184.3400000000001,773.95,1022.4399999999999,972.4300000000001,700.6800000000001,766.6600000000001,,,,,,,,,,,,,,,,,,,,,,,,,,,934.83,842.84
2013_7,835.84,902.61,1074.51,989.58,996.4699999999998,712.29,1066.7700000000002,932.03,739.9899999999999,650.16,1050.87,780.55,937.56,841.97,743.88,612.01,1305.12,736.89,791.8799999999999,665.3199999999999,921.27,918.71,1476.2799999999997,494.44999999999993,719.98,,,,,,,,,,,,,,,,,,,,,,,,,,,875.96,769.5899999999999
2013_8,500.08,393.72,544.72,966.31,588.6899999999999,448.04,237.88000000000002,571.49,583.7299999999999,484.79999999999995,645.3600000000001,279.1,447.23,547.7199999999999,415.53000000000003,601.9000000000001,476.3,672.8900000000001,461.91,379.32,494.17,447.84000000000003,328.24,320.53999999999996,483.71999999999997,,,,,,,,,,,,,,,,,,,,,,,,,,,492.86,344.33
2013_9,177.29,206.25,139.7,237.9,210.06,358.7,190.42000000000002,206.63999999999996,108.27,158.72,266.65999999999997,234.46,153.82,175.99,309.28999999999996,197.68,191.35,278.24,219.88,193.95,172.35,151.62,253.99,177.61999999999998,274.13,,,,,,,,,,,,,,,,,,,,,,,,,,,209.76000000000002,240.89
2013_10,114.44000000000001,242.86,113.71000000000001,205.14,261.41,159.85000000000002,256.23,294.37,190.62,169.11999999999998,206.42999999999998,116.84,129.52,200.51,171.37,150.27,289.48999999999995,188.2,355.49,111.42000000000002,191.94000000000003,131.51000000000002,152.18,307.59000000000003,152.53,,,,,,,,,,,,,,,,,,,,,,,,,,,194.56,127.09
2013_11,222.13,228.1,187.29000000000002,120.13999999999999,135.99,120.78,156.74,175.49,191.49999999999997,116.42000000000002,167.05,199.93999999999997,147.47000000000003,147.95,128.69,134.87,85.42,108.38,170.69,140.46,170.75,292.13,134.46,158.34000000000003,138.52999999999997,,,,,,,,,,,,,,,,,,,,,,,,,,,159.16,138.28
2013_12,165.19,269.64000000000004,302.85,208.5,186.98000000000002,178.53,344.88,134.8,324.27,209.51,169.52,216.87,146.82999999999998,292.71,154.72,187.06,236.56,179.0,245.26,139.83,175.67000000000002,186.52000000000004,199.62,230.61,239.96,,,,,,,,,,,,,,,,,,,,,,,,,,,213.04000000000002,140.78
2014_1,280.52,323.11,212.07,289.75,242.5,225.24,286.28,221.15,255.15,290.19,239.29000000000002,208.72,288.47,273.41,321.56,259.28999999999996,420.94,175.19,376.90000000000003,242.13,217.62,430.84,253.49,366.32,332.73,,,,,,,,,,,,,,,,,,,,,,,,,,,281.36,155.14000000000001
2014_2,301.70000000000005,388.71,417.76,440.90999999999997,478.72,448.58000000000004,510.42,312.98,377.3,605.96,426.39,249.52,395.15000000000003,328.35,259.36,367.75,267.67999999999995,277.89,371.28,356.03999999999996,509.29999999999995,273.70000000000005,266.07,341.21999999999997,441.1,,,,,,,,,,,,,,,,,,,,,,,,,,,376.57,229.83999999999997
2014_3,434.64,542.24,438.77,540.47,805.69,660.02,479.89,814.1800000000001,494.0,584.2,859.05,325.23,1186.31,334.19,585.95,835.4100000000001,435.32000000000005,1137.2799999999997,1019.47,501.2,963.23,1029.59,671.51,522.24,994.45,,,,,,,,,,,,,,,,,,,,,,,,,,,687.78,303.23
2014_4,628.81,516.33,1012.0799999999999,692.32,868.68,1289.2,443.47999999999996,691.41,713.57,835.85,970.5799999999999,1152.3600000000001,673.5500000000001,847.11,941.59,761.7900000000001,872.74,601.9699999999999,901.1199999999999,797.44,1355.65,479.78000000000003,645.12,633.9399999999999,932.1200000000001,,,,,,,,,,,,,,,,,,,,,,,,,,,810.41,522.1700000000001
2014_5,991.8800000000001,826.9499999999999,1364.5900000000001,703.3299999999999,1221.29,903.79,386.90999999999997,1006.12,617.1500000000001,748.6999999999999,710.02,1315.82,794.82,880.0799999999999,973.48,629.71,939.9999999999999,619.5,675.32,747.88,696.09,540.53,700.37,707.96,1368.8,,,,,,,,,,,,,,,,,,,,,,,,,,,842.9,594.3000000000001
2014_6,897.75,802.2100000000002,581.86,1329.04,569.79,915.2299999999999,820.31,768.4999999999999,1175.9,520.84,1007.9899999999999,1003.24,1042.9099999999999,1207.0800000000002,770.46,1152.1000000000001,673.37,608.8000000000001,1198.84,1195.05,1178.71,830.2,786.9599999999999,965.6999999999999,1219.55,,,,,,,,,,,,,,,,,,,,,,,,,,,928.9200000000001,679.3500000000001
2014_7,758.96,555.78,1060.56,1334.91,531.9200000000001,511.47,694.55,813.27,715.35,873.6500000000001,1118.85,409.3,584.7600000000001,577.3,595.3499999999999,1107.21,860.2100000000002,824.86,946.23,1032.98,749.3900000000001,811.11,904.7000000000002,666.0,840.96,,,,,,,,,,,,,,,,,,,,,,,,,,,795.2199999999999,617.62
2014_8,619.6899999999999,803.4000000000001,331.42999999999995,478.04999999999995,564.7199999999999,664.4100000000001,683.3100000000001,628.1099999999999,603.1800000000001,553.0699999999999,502.5,546.69,487.44000000000005,622.3600000000001,741.8000000000001,799.35,491.8,636.5700000000002,954.1500000000001,578.12,560.22,642.18,790.1600000000002,714.1,679.7599999999999,,,,,,,,,,,,,,,,,,,,,,,,,,,627.03,533.85
2014_9,223.12,191.79000000000002,165.33,222.31,293.43,204.17000000000002,185.22,327.58000000000004,108.56,291.16,265.71999999999997,374.26,267.78000000000003,183.96000000000004,187.15,236.18999999999997,242.92,266.47999999999996,292.72,241.69000000000003,246.85000000000002,216.69,381.38,270.23,365.17999999999995,,,,,,,,,,,,,,,,,,,,,,,,,,,250.08999999999997,293.16
2014_10,124.39000000000001,145.38,125.53999999999999,214.1,114.83000000000001,142.80999999999997,154.72,166.57,111.0,146.52,164.93,85.17000000000002,138.19,212.45999999999998,175.32,204.75,103.01,150.36,130.27,101.11,138.65,140.29,134.88,135.1,193.54999999999998,,,,,,,,,,,,,,,,,,,,,,,,,,,146.23,189.33000000000004
2014_11,157.73,92.21000000000001,172.92000000000002,186.04999999999998,115.19999999999999,136.63,119.69,164.14,206.51999999999998,173.0,278.40999999999997,176.18,209.67999999999998,105.97999999999999,142.15,155.94,133.96,133.55,157.62,136.77,186.24,190.53,164.73000000000002,144.20999999999998,98.08999999999999,,,,,,,,,,,,,,,,,,,,,,,,,,,157.51999999999998,94.71000000000001
2014_12,155.64,134.31,159.66,183.10999999999999,274.84000000000003,262.33,210.16,167.9,247.39999999999998,256.81,185.07999999999998,150.54,273.51,263.9,269.61,130.12,217.44,229.86999999999998,206.73,141.01999999999998,191.13,301.29999999999995,170.35,98.32,198.75,,,,,,,,,,,,,,,,,,,,,,,,,,,203.18,141.62
2015_1,384.36,315.1,223.95,214.95,358.85,261.4,331.60999999999996,226.46999999999997,282.87,295.93,320.90999999999997,354.33,348.78,253.29000000000002,303.75,205.03,331.65,423.24,209.05,256.29999999999995,296.28,208.35,326.08,234.91000000000003,254.03000000000003,,,,,,,,,,,,,,,,,,,,,,,,,,,288.82,154.48
2015_2,464.16999999999996,236.81,381.67999999999995,277.17,433.1,359.87000000000006,267.65000000000003,451.01,501.19,462.46,404.10999999999996,305.1,427.62,364.93,661.36,545.9100000000001,457.52,593.97,400.79,406.72,402.61,337.43,365.25,287.65999999999997,262.38000000000005,,,,,,,,,,,,,,,,,,,,,,,,,,,402.36,232.17999999999998
2015_3,414.98,451.51,614.38,480.68,426.46,581.66,502.12,676.7900000000001,937.27,631.78,496.96999999999997,494.87,927.1,482.54999999999995,547.72,968.6700000000001,505.4,549.14,404.82,390.57000000000005,673.6,542.19,540.0999999999999,712.9100000000001,582.1,,,,,,,,,,,,,,,,,,,,,,,,,,,581.5,376.5
2015_4,1139.1,547.8100000000001,1123.44,1107.86,1000.87,1059.76,1083.3400000000001,1530.02,903.4200000000001,1152.1100000000001,1335.24,1073.23,867.45,760.4300000000001,576.86,556.7,765.8799999999999,793.12,1021.15,1463.1,1476.98,780.4699999999999,864.6400000000001,789.61,1252.6,,,,,,,,,,,,,,,,,,,,,,,,,,,1000.97,457.8
2015_5,1139.51,724.28,605.48,752.11,1125.1,733.0799999999999,1009.36,942.9900000000001,1507.1399999999999,858.63,1358.33,1183.02,786.29,775.0600000000001,1397.73,776.0500000000001,807.7899999999998,1063.4699999999998,846.64,776.63,1355.77,1050.49,1040.3400000000001,1154.39,801.98,,,,,,,,,,,,,,,,,,,,,,,,,,,982.8700000000001,416.16
2015_6,1116.28,1082.63,1034.03,1064.69,744.22,622.9300000000001,1116.12,1097.21,1170.67,1143.82,643.3499999999999,1212.1299999999999,848.87,1220.23,1060.76,815.55,819.31,687.8,1030.4,750.3199999999999,1361.75,1151.3000000000002,889.2399999999999,937.25,1415.24,,,,,,,,,,,,,,,,,,,,,,,,,,,1001.4200000000001,447.19000000000005
2015_7,726.09,547.1499999999999,781.9699999999999,607.41,535.13,992.7499999999999,682.2800000000001,848.1800000000001,1118.67,517.01,393.55999999999995,1312.8,849.1800000000001,793.6,438.92,1138.33,774.81,758.6600000000001,1022.0400000000001,640.49,762.7500000000001,476.40999999999997,755.78,768.08,554.87,,,,,,,,,,,,,,,,,,,,,,,,,,,751.8499999999999,469.95
2015_8,702.7499999999999,441.26,358.47999999999996,389.25,901.6200000000001,543.72,834.74,759.3499999999999,563.0600000000001,538.0799999999999,445.73999999999995,505.62,308.96,379.71000000000004,523.24,656.8000000000001,628.65,489.84999999999997,274.84999999999997,615.6099999999999,412.37999999999994,595.41,406.64000000000004,437.88999999999993,662.48,,,,,,,,,,,,,,,,,,,,,,,,,,,535.12,333.68
2015_9,405.9,409.34000000000003,274.37,336.19,374.44,323.39,238.67,275.87,270.89,278.86,353.03000000000003,306.87,501.24999999999994,241.46000000000004,260.5,364.09000000000003,326.93,279.09999999999997,491.5799999999999,222.25,245.53,238.86,320.98,177.73000000000002,219.32,,,,,,,,,,,,,,,,,,,,,,,,,,,309.53,228.86
2015_10,151.72,218.77,157.56,147.12,144.70000000000002,169.0,202.48,220.67000000000002,236.04,171.11,148.01,177.92999999999998,221.39,123.86999999999999,288.79999999999995,219.87,171.16000000000003,278.96000000000004,303.27,275.69,175.35,202.75,190.62,222.63,157.31,,,,,,,,,,,,,,,,,,,,,,,,,,,199.10000000000002,248.51000000000002
2015_11,279.46000000000004,210.64999999999998,307.93000000000006,265.79,185.94000000000003,186.99999999999997,316.90999999999997,136.66,224.16,198.4,249.67000000000002,202.06,203.76,235.76,136.52,191.14000000000001,266.96,278.96,262.21000000000004,214.48999999999998,183.82,249.29000000000002,374.24,319.63000000000005,223.15,,,,,,,,,,,,,,,,,,,,,,,,,,,236.2,218.36
2015_12,278.16999999999996,107.98000000000002,287.75,297.87,159.82999999999998,262.18,137.35,189.22000000000003,187.07999999999998,202.99,225.58,262.44,148.36,259.54,241.05,350.0,179.76999999999998,226.04000000000002,184.76,331.06,274.4,247.16000000000003,169.87,262.38,276.2,,,,,,,,,,,,,,,,,,,,,,,,,,,229.97,201.32999999999998
2016_1,283.32,178.12,262.94,282.80999999999995,295.68,361.87,266.37,376.42,318.53000000000003,263.94,273.68,307.52000000000004,242.16,304.54,241.10000000000002,408.05,274.81,181.25,393.2,343.12,228.02999999999997,332.23,336.22,174.5,332.65000000000003,,,,,,,,,,,,,,,,,,,,,,,,,,,290.58,246.61
2016_2,181.59,343.91999999999996,317.32,324.65999999999997,492.46000000000004,405.03,359.8,417.54,479.49999999999994,327.64000000000004,394.21000000000004,247.11,361.51,249.54000000000002,338.01,269.64,359.35,392.59000000000003,296.2,456.06999999999994,318.76,379.65,414.65000000000003,286.39,352.90000000000003,,,,,,,,,,,,,,,,,,,,,,,,,,,350.63,291.64
2016_3,653.8000000000001,637.12,857.23,780.27,512.94,421.80000000000007,781.44,578.7,605.74,686.48,596.5600000000001,708.45,689.86,750.97,917.79,934.9,591.2,1067.28,858.03,540.54,771.73,798.3599999999999,512.84,956.74,425.42,,,,,,,,,,,,,,,,,,,,,,,,,,,705.48,658.72
2016_4,822.8299999999999,1123.35,1007.85,703.99,837.36,900.71,818.3,823.15,640.24,999.3100000000001,1054.79,531.78,1342.21,1028.55,1097.29,1920.02,563.58,844.6800000000001,990.21,691.3899999999999,749.73,505.56999999999994,1238.04,853.69,752.29,,,,,,,,,,,,,,,,,,,,,,,,,,,913.5999999999999,736.95
2016_5,1088.8,1206.17,650.02,1676.83,835.12,1047.47,1027.26,1111.19,1035.73,1115.94,1070.27,923.1899999999999,1083.12,1565.4800000000002,696.8799999999999,733.96,518.6899999999999,909.8599999999999,849.6700000000001,717.3000000000001,1210.76,944.62,847.35,1129.12,1094.57,,,,,,,,,,,,,,,,,,,,,,,,,,,1003.6000000000001,709.4499999999999
2016_6,1061.54,1380.56,1222.2800000000002,1186.9099999999999,950.9000000000002,778.7,1159.17,849.39,675.4900000000001,1023.1599999999999,755.53,488.25,912.86,1222.53,1222.6,825.39,519.9,744.44,929.4,1412.97,1314.58,782.3600000000001,770.5500000000001,1107.9,523.69,,,,,,,,,,,,,,,,,,,,,,,,,,,952.83,729.6
2016_7,1540.22,1064.35,1154.3200000000002,1034.87,1126.22,1236.9400000000003,773.7099999999999,866.49,900.9,666.91,630.3800000000001,666.4899999999999,1300.09,902.1899999999999,1011.12,759.35,707.74,830.3000000000001,1072.5,685.83,1556.2099999999998,1166.85,947.22,791.2900000000001,1198.17,,,,,,,,,,,,,,,,,,,,,,,,,,,983.63,698.27
2016_8,512.4200000000001,487.53999999999996,289.43999999999994,530.5699999999999,719.89,529.7299999999999,508.25999999999993,759.4300000000001,527.48,345.98,516.79,414.64000000000004,664.4000000000001,521.7299999999999,393.03,558.64,279.64000000000004,718.91,661.56,718.92,575.29,496.24999999999994,185.14000000000001,424.93,580.39,,,,,,,,,,,,,,,,,,,,,,,,,,,516.82,336.77000000000004
2016_9,164.20999999999998,160.45999999999998,271.05,180.89000000000004,308.97,217.47,279.47999999999996,298.92,179.49,338.03000000000003,190.68999999999997,177.06,358.67999999999995,233.0,206.11,448.53,249.30999999999997,238.56,252.86999999999998,409.22999999999996,296.91999999999996,388.11,190.59,316.88,446.02,,,,,,,,,,,,,,,,,,,,,,,,,,,272.06,245.92
2016_10,297.36000000000007,249.46,279.09000000000003,236.29000000000002,129.94,123.38000000000001,169.51,126.38999999999999,201.53000000000003,141.84,157.15999999999997,176.15,104.80999999999999,212.92000000000002,172.42,246.86,176.65,181.48999999999998,210.42,99.22,130.12,194.8,172.41,178.37,189.70000000000002,,,,,,,,,,,,,,,,,,,,,,,,,,,182.35000000000002,199.99
2016_11,129.32,136.66,67.8,122.11999999999999,131.88,235.12,96.73,147.53,159.79000000000002,136.67,134.12,114.53,141.72,151.75,198.67000000000002,200.92000000000002,146.3,143.63,142.85,73.46000000000001,152.26999999999998,124.09,309.28,130.67,89.11000000000001,,,,,,,,,,,,,,,,,,,,,,,,,,,144.65,129.1
2016_12,152.19,207.16000000000003,228.34,235.57,124.62,239.1,152.94,113.63,230.15,163.7,239.99,210.82,207.04000000000002,272.69,357.95,140.51,194.69,180.26999999999998,188.99,199.81,251.70000000000002,176.39,203.9,259.68,249.13,,,,,,,,,,,,,,,,,,,,,,,,,,,207.26999999999998,179.73
2017_1,232.45999999999998,340.84999999999997,238.44,208.10000000000002,192.84,269.53999999999996,242.19,242.35000000000002,304.35,234.37,316.91,262.8,364.12,240.97000000000003,260.49,262.48,318.23,199.86000000000004,168.91,248.63,367.07,170.66000000000003,189.49999999999997,224.26,263.2,262.3,146.03,274.56,283.24,307.69999999999993,308.41999999999996,455.94999999999993,212.01,165.17000000000002,195.51,322.34000000000003,189.46,276.15,250.0,251.01999999999998,263.06,269.58,243.26999999999998,294.78,181.07999999999998,364.81,216.48,280.74,310.43999999999994,280.29,352.58000000000004,261.23,147.16
2017_2,301.71,311.51,316.92999999999995,321.13,275.23,221.88,418.81,293.93,279.0,514.78,340.77,217.25,400.59000000000003,300.81000000000006,246.73,619.55,422.79,317.45000000000005,291.03,522.18,320.14,362.62,444.53,244.41999999999996,228.5,337.05,241.66000000000003,363.52000000000004,326.4,335.81000000000006,355.63,517.35,341.94000000000005,376.54999999999995,318.49,522.4,346.55,350.32,307.93,356.95000000000005,400.21,284.54,367.15000000000003,424.37,277.07000000000005,554.1500000000001,321.65999999999997,314.02,359.83000000000004,566.0,334.57,355.59000000000003,214.38
2017_3,581.65,946.22,834.74,575.15,626.26,681.14,852.8299999999999,239.37,1048.9,771.65,682.97,600.11,596.02,464.67,993.56,567.12,647.0899999999999,625.3,773.87,425.14,1103.15,708.6700000000001,794.85,481.21,552.56,618.0,548.38,467.65,570.47,910.97,538.77,805.74,599.6800000000001,623.8299999999999,864.3299999999999,837.5799999999999,592.47,507.8399999999999,389.26,443.68,542.4300000000001,493.55,654.94,618.8399999999999,660.42,816.3699999999999,533.77,712.11,985.53,611.84,467.11,658.6099999999999,635.53
2017_4,1198.28,797.33,930.78,725.7,1292.34,720.23,902.62,574.99,871.3299999999999,540.11,610.09,726.23,745.3299999999999,1067.46,964.98,1023.4299999999998,523.41,813.72,970.0700000000002,1311.82,1144.4099999999999,687.8000000000001,834.34,1271.56,920.38,815.6999999999999,1133.0,592.2099999999999,949.18,594.7,1014.23,885.74,961.5400000000001,1166.32,971.23,718.39,1093.06,1010.5699999999999,748.3100000000001,1509.24,1092.29,664.58,635.8000000000001,513.23,723.75,790.74,732.39,710.12,912.4300000000001,623.65,1196.49,880.94,862.05
2017_5,1151.98,1138.67,647.49,981.28,812.88,1233.07,1408.8400000000001,1534.43,690.6200000000001,730.66,893.9599999999999,1062.87,1086.12,877.14,954.16,1224.78,1064.95,1012.01,836.19,1232.23,877.96,624.1600000000001,983.5,791.5600000000001,1010.2,879.6999999999999,1032.77,1307.83,756.21,974.45,942.57,693.06,1011.27,956.3,1178.8000000000002,1133.0300000000002,652.79,548.99,1081.11,1081.37,1425.8600000000001,785.4399999999998,1197.03,1436.42,1093.56,593.45,998.5,1336.3400000000001,1039.7900000000002,1155.24,847.59,999.97,833.8700000000001
2017_6,605.3900000000001,888.1700000000001,1260.4,1044.8100000000002,1413.99,894.53,1330.8400000000001,1060.87,1105.88,804.25,854.12,932.35,441.24,1055.84,745.46,619.6,817.62,1118.6299999999999,870.84,943.9499999999999,843.8599999999999,755.78,1215.7199999999998,933.4499999999998,971.58,736.82,1359.6100000000001,1130.21,1169.2800000000002,1306.5000000000002,1455.65,828.91,1298.68,832.0699999999999,705.1199999999999,965.66,982.2400000000001,1096.6999999999998,1107.39,1151.83,950.0699999999999,1094.22,1007.6300000000001,1734.05,787.4999999999999,1279.3500000000001,742.3600000000001,1118.1599999999999,559.0,537.0,1040.72,990.3299999999999,842.2099999999999
2017_7,1316.68,1365.33,1099.13,1157.9,959.7,1042.5900000000001,779.12,1220.21,881.7399999999999,1451.79,1076.1899999999998,850.57,1275.09,789.78,880.1500000000001,1045.6799999999998,622.3799999999999,1155.7200000000003,849.87,658.24,1039.9499999999998,998.8799999999999,990.8700000000001,1078.79,739.3199999999999,892.6300000000001,1595.07,780.53,816.5799999999999,919.16,1000.77,589.82,1286.2300000000002,622.12,1612.6699999999996,989.6700000000001,871.16,1023.02,864.5999999999999,1079.79,1069.04,710.34,922.73,876.8100000000001,1074.0500000000002,889.52,797.4400000000002,1196.4199999999998,647.64,1298.5600000000002,812.5600000000001,991.4799999999999,788.1100000000001
2017_8,669.8000000000001,564.8499999999999,712.6899999999998,630.64,686.94,745.81,473.94999999999993,806.78,249.48,594.9100000000001,664.2499999999999,516.8900000000001,689.4399999999999,553.7700000000001,413.49999999999994,730.6800000000001,603.0899999999999,838.73,494.5399999999999,971.55,694.72,581.27,710.46,361.4599999999999,627.78,575.96,961.3299999999999,403.05000000000007,731.9099999999999,665.5699999999999,797.1800000000001,753.8399999999999,242.39,634.26,578.74,653.86,375.16999999999996,544.75,1008.2400000000001,678.39,561.88,473.69999999999993,310.01000000000005,542.63,365.43,643.9000000000001,528.69,383.11,603.6,800.76,679.93,609.5,360.23999999999995
2017_9,243.51999999999998,240.23999999999998,278.61,197.3,170.71000000000004,213.07,105.6,324.71999999999997,219.0,210.56,288.67,202.72,127.35,201.56,265.98,122.04,268.96,299.2,206.47999999999996,342.27000000000004,238.63000000000002,68.53999999999999,319.15,160.57000000000002,214.14,248.28,224.54,196.11000000000004,172.01,245.03999999999996,133.62,216.79000000000002,234.79000000000002,276.23,410.24,159.65,174.10999999999999,180.57,156.04000000000002,247.83,165.91,195.24,161.23,150.13000000000002,264.26,262.45,171.07,253.38,409.21999999999997,156.37,219.06999999999996,219.9,121.28000000000002
2017_10,218.78,143.01,166.42000000000002,145.75,263.67,152.82,133.95,169.43,172.76999999999998,239.48000000000002,184.5,160.60000000000002,199.36,143.94,260.55,164.89999999999998,143.53,180.84,280.42,148.52,116.46000000000001,164.59,229.73,139.1,165.59,175.94,143.9,171.35,154.63,132.93,170.79,209.48000000000002,173.29,190.5,209.07,149.43,149.05,178.47999999999996,219.48,180.90000000000003,232.56,137.47,139.35000000000002,264.09000000000003,164.58999999999997,142.43,160.01,147.99,246.04000000000002,185.59,210.07999999999998,178.95,109.69000000000001
2017_11,175.99,176.45,124.78,149.81,149.15,191.42000000000002,189.22000000000003,130.79000000000002,152.59,181.12,175.63,156.54,242.7,165.38,197.75,197.81,196.59,258.29999999999995,230.04000000000002,131.43,157.97,172.97000000000003,138.22,190.07,210.97000000000003,185.28,206.6,112.48,209.91,251.88,174.01999999999998,151.45999999999998,182.56,215.84,140.4,278.23,180.02,130.75,120.22,270.63,135.74,208.74,126.46000000000001,173.45,174.93,218.01,120.0,205.69,175.43,175.77999999999997,137.71,178.57,149.39000000000001
2017_12,197.0,128.04,276.02,157.5,165.39,190.71,147.5,238.97,160.73,265.91,256.31,217.18,210.05,297.74,290.71000000000004,212.91000000000003,133.04,169.51,161.06,188.17000000000002,177.46,117.52000000000001,296.15000000000003,173.25,166.60999999999999,218.66000000000003,257.73,197.01999999999998,173.98000000000002,306.85,240.35000000000002,198.66,136.38,285.86,144.94,245.14000000000001,137.39,172.07,157.93,169.2,170.12,254.39,175.53,236.22,251.73,197.44,217.76999999999998,210.35,102.33,222.51,158.35000000000002,200.69,254.98000000000002
2018_1,259.99,275.13,196.27,186.7,238.76999999999998,161.46,309.7,263.12,318.28999999999996,171.73,241.39999999999998,306.28999999999996,285.58,277.31,382.98,345.37,305.63,329.56,354.18,250.47,286.16,442.79999999999995,366.77,238.86,319.39,290.97,417.08,134.89000000000001,232.89000000000001,204.43,351.41999999999996,273.96999999999997,385.12,334.91,341.91999999999996,189.86,279.4,235.64,146.57,150.66,228.32,272.13,272.53,227.75,228.69000000000003,279.87,189.18,233.22,215.91,266.43,301.54,270.53,424.78
2018_2,655.0799999999999,248.86,271.9,358.68000000000006,225.88000000000002,241.48000000000002,315.03999999999996,326.26,363.04999999999995,275.94,347.51,301.08,333.79,266.37,304.82,318.30999999999995,312.82,714.6800000000001,486.4,394.28,328.71000000000004,416.87,334.44000000000005,311.71000000000004,365.23,187.79,454.0,487.47,487.96,256.47,234.57,543.27,509.26,350.78,380.87,261.26,356.63,394.1,369.32,420.26,471.24,500.09,464.53,490.91,417.76,415.89,349.21,731.1400000000001,274.09000000000003,397.31999999999994,340.37,379.71999999999997,508.2
2018_3,460.65999999999997,770.07,500.45000000000005,538.26,603.46,543.62,870.6100000000001,811.09,739.8,575.31,587.9499999999999,472.34,600.09,406.59,479.02000000000004,890.76,682.6299999999999,515.48,446.51,449.38,498.61,720.25,804.88,723.73,674.97,554.55,544.4300000000001,1080.96,648.38,709.94,608.69,948.3499999999999,395.98,715.1800000000001,453.01,529.71,596.4,765.26,471.61,883.49,790.72,562.9,384.66999999999996,789.88,738.3,683.69,833.3199999999999,939.08,779.9399999999999,525.71,623.99,645.59,690.86
2018_4,583.09,763.59,686.39,747.74,715.2900000000001,852.67,828.71,1135.01,686.0400000000001,806.0699999999999,441.65999999999997,1068.12,536.8299999999999,821.94,690.21,919.47,758.58,847.32,778.8499999999999,895.9100000000001,1021.83,733.49,873.6999999999999,1103.3600000000001,543.65,878.8899999999999,1151.52,1309.04,685.13,955.5,823.88,683.9300000000001,762.02,713.28,802.29,1186.5100000000002,1058.97,781.76,716.14,1110.8600000000001,655.85,797.46,963.76,1098.07,900.38,1329.5,1025.81,576.21,481.68,772.7299999999999,826.8199999999999,840.96,942.65
2018_5,949.6699999999998,569.4399999999999,627.3499999999999,1087.01,1522.48,498.5,396.84999999999997,494.65999999999997,1203.74,911.1100000000001,745.19,616.97,1346.5900000000001,824.6800000000001,891.96,833.31,1062.5900000000001,603.73,708.8,955.0300000000001,1038.5900000000001,756.1999999999999,1187.0,1129.98,649.48,1249.7799999999997,1024.26,417.22,1501.3200000000002,1341.65,1336.2,762.8700000000001,935.6400000000001,1043.16,1333.8000000000002,771.2800000000001,1027.26,741.07,858.3799999999999,692.54,1030.41,1198.2699999999998,941.9000000000001,1252.0,808.68,659.89,716.4599999999999,634.6500000000001,634.6299999999999,895.01,913.31,908.52,986.34
2018_6,883.17,690.6,1085.27,697.5799999999999,954.7299999999999,892.79,729.1700000000001,1022.1800000000001,991.5999999999999,1154.3799999999999,709.1800000000001,589.7199999999999,508.28,957.29,877.91,880.22,926.72,1170.0900000000001,1073.84,947.89,507.17,592.7,1290.93,774.84,1064.22,948.43,762.38,329.73,1067.72,747.29,770.1,891.9500000000002,1012.6699999999998,869.84,814.44,837.5699999999999,626.5699999999999,899.3300000000002,746.6500000000001,779.38,658.3199999999999,781.12,675.8499999999999,463.8,767.4200000000001,869.96,707.4699999999999,1129.46,803.5099999999999,571.67,937.4200000000001,832.23,918.2300000000001
2018_7,836.5500000000001,681.06,698.46,818.1399999999999,850.5600000000001,717.4,777.15,497.28000000000003,788.7900000000001,788.42,1317.48,1457.6699999999998,736.92,1051.09,834.46,627.5,1412.46,840.37,564.67,413.01,639.8000000000001,982.59,705.38,1041.1299999999999,492.47,805.25,749.6,455.66999999999996,728.83,656.9300000000001,657.4900000000001,1111.88,1078.8400000000001,800.5,742.75,492.73999999999995,554.88,731.07,735.8100000000001,628.92,712.22,766.5799999999999,623.4200000000001,548.86,828.97,390.34,681.42,882.3699999999999,632.4100000000001,683.5899999999999,722.14,764.2900000000001,883.1800000000001
2018_8,333.23,501.21000000000004,388.77000000000004,265.28,487.2799999999999,631.8500000000001,721.19,357.03,508.53999999999996,366.29999999999995,266.59,815.3900000000002,338.84999999999997,267.47,426.3,279.95,293.38,263.79999999999995,647.48,660.1800000000001,556.8100000000001,664.3199999999999,518.17,325.42999999999995,459.67999999999995,716.7299999999999,298.15999999999997,365.71999999999997,380.98999999999995,383.84999999999997,310.44,668.79,286.49,493.2199999999999,405.75,764.0,314.19,912.01,372.1,673.98,529.12,479.58000000000004,302.28,506.06000000000006,519.9,404.62,627.23,654.8599999999999,222.55,326.6,705.1100000000001,469.99999999999994,705.35
2018_9,215.87999999999997,285.78000000000003,487.25000000000006,196.86,486.75,232.23999999999998,417.16999999999996,428.74,302.45000000000005,255.39999999999998,277.81,329.83000000000004,335.73,256.0,241.51,218.89000000000001,295.71,348.96000000000004,480.31,417.22,322.29999999999995,266.44,180.53,226.42,360.08,249.67,423.2,363.63,327.94999999999993,240.22,259.52,429.83,284.75,285.71,321.36999999999995,499.94000000000005,207.70000000000005,338.56000000000006,402.49,448.37999999999994,350.5399999999999,263.45000000000005,285.55,511.12,189.13,514.4,231.03,253.2,228.04,255.98,231.84,318.84999999999997,383.81
2018_10,291.34000000000003,116.67999999999999,180.09,224.62,166.97,228.74,216.10999999999996,269.78000000000003,144.94000000000003,189.8,304.97999999999996,113.95,200.54000000000002,251.85000000000002,187.44000000000003,222.65000000000003,114.67,102.35,175.42000000000002,155.85,281.23999999999995,158.28,235.12,204.2,251.8,174.11,226.87,127.07000000000001,181.08999999999997,140.76999999999998,153.48000000000002,279.53999999999996,149.31,183.26,242.07,249.02,114.16,186.61999999999998,127.99000000000001,236.44,199.57,150.77,364.9100000000001,286.38,169.5,189.12,163.64000000000001,210.75,134.74,253.40999999999997,200.63,197.76,237.36
2018_11,197.82,118.09,192.23999999999998,112.80000000000001,215.92000000000002,130.53,223.43999999999997,195.10999999999999,214.94,267.71,159.25,273.24,138.56,165.0,212.45999999999998,160.78,225.64000000000004,128.41,171.77,169.76999999999998,172.60999999999999,210.98,139.67000000000002,184.3,196.32,175.92000000000002,183.06,226.26,196.88,253.72,152.26999999999998,100.83000000000001,139.84,155.99,106.74999999999999,207.11,185.53,183.39000000000001,162.06,134.15,129.57999999999998,186.76,167.65,153.79,132.71,187.17000000000002,102.51,221.10000000000002,176.18,166.54999999999998,101.38,173.79999999999998,165.85999999999999
2018_12,232.73,303.64,179.8,203.75,234.36,382.57,220.67000000000004,223.38,221.31,167.32999999999998,256.97,219.81,152.37,206.57,195.81,185.93,208.6,176.54000000000002,179.14999999999998,185.06,225.87,214.82999999999998,137.31,221.19,246.35,170.41,246.2,330.91999999999996,175.76,189.56,268.05,170.25,177.25,201.29,270.90999999999997,354.84999999999997,171.98,220.89000000000001,296.81000000000006,256.55,153.25,185.01000000000002,229.09999999999997,363.90999999999997,271.06,369.2,152.72,187.64000000000001,206.68,176.56,202.71,223.12,169.75
2019_1,247.92000000000002,376.13,297.75,200.03,231.13,280.34000000000003,216.01,412.75,298.45,313.76,233.23000000000002,265.86,234.57999999999998,370.19000000000005,342.44,276.62,338.47999999999996,203.37,334.53999999999996,292.27,351.19,343.61,311.74,268.33000000000004,322.24999999999994,344.77,333.88,193.13,364.74,345.71,376.25,293.19,293.61999999999995,247.63,229.69,174.97,254.52,230.1,181.4,232.17,268.8,245.44,228.95000000000002,193.42,291.68,282.40000000000003,220.62,335.77,265.03000000000003,291.9,294.85,281.88,159.42
2019_2,301.53,315.1,302.37,346.54999999999995,517.03,333.45,398.51,798.21,444.82,519.22,547.53,504.07,293.53000000000003,320.71000000000004,491.02,579.93,386.49,499.58000000000004,433.0,594.5699999999999,461.53,308.25,386.15999999999997,393.32,354.76,505.06000000000006,346.62,363.72999999999996,430.05999999999995,435.00000000000006,300.65,350.6,659.7700000000001,390.25000000000006,360.23999999999995,484.38,428.58,442.94,407.44,262.34000000000003,481.46000000000004,428.02,408.99,338.29999999999995,486.19000000000005,296.1,424.73,435.41999999999996,413.54,432.66,399.86999999999995,422.47999999999996,246.82999999999998
2019_3,764.24,627.73,868.03,563.8299999999999,1002.27,794.95,353.73,725.78,661.5,649.8399999999999,822.52,729.91,861.5,519.4399999999999,819.37,445.93,663.09,775.06,617.6,643.42,795.39,921.79,497.01,915.8900000000001,1140.42,777.1200000000001,687.65,880.0799999999999,671.99,886.24,1100.0900000000001,546.99,635.04,813.33,622.5799999999999,618.28,573.44,945.0699999999999,452.64,669.63,586.76,578.3,850.3899999999999,1059.8,529.29,550.36,485.46,658.67,532.25,823.87,469.84999999999997,709.52,386.51
2019_4,853.3,1077.55,863.32,797.1999999999999,1565.8199999999997,601.42,1183.49,911.26,652.26,956.91,1193.02,1143.9899999999998,612.9300000000001,721.49,924.78,926.8199999999999,940.1,925.22,986.27,836.02,735.29,931.82,1042.58,886.3299999999999,945.86,616.96,708.0799999999999,709.65,953.5,677.25,1111.5500000000002,797.3799999999999,863.43,1441.2600000000002,619.1500000000001,1071.3000000000002,884.7099999999999,1024.33,945.26,860.57,816.3299999999999,1064.4,944.67,718.16,859.51,811.53,821.6700000000001,622.23,965.4000000000001,1351.99,957.0999999999999,910.45,462.38
2019_5,1031.51,827.76,484.76,908.44,860.57,841.17,1202.04,1034.44,1544.04,911.44,995.84,448.34,1024.8000000000002,581.48,723.33,853.16,1511.33,593.27,899.8,616.89,965.33,661.76,467.78000000000003,1035.5900000000001,878.8299999999999,1115.29,1105.29,861.7,934.9000000000001,1002.78,1296.27,638.82,851.29,948.8399999999999,750.37,989.39,1012.71,1344.8000000000002,1131.38,1135.55,1249.25,979.4699999999999,748.33,755.17,973.5200000000001,1117.53,676.39,672.8,1513.6399999999999,689.48,863.35,926.73,580.1700000000001
2019_6,583.0500000000001,1244.52,1381.77,696.26,1177.5800000000002,1226.54,854.6400000000001,1157.16,606.51,1022.82,1224.55,1035.28,592.79,939.3500000000001,832.17,1216.75,874.6200000000001,891.42,720.18,679.19,1229.67,1635.4,923.9999999999999,784.85,1198.1299999999997,889.1500000000001,1115.0900000000001,850.6899999999999,1174.1699999999998,928.75,1351.4899999999998,971.36,717.12,1166.39,740.7600000000001,1024.75,894.5,890.11,1592.48,971.3900000000001,1040.01,891.49,784.06,728.01,986.94,797.64,1108.99,853.85,504.15,1074.71,986.32,975.7,643.46
2019_7,754.77,1066.24,468.9,710.91,971.9200000000001,728.2399999999999,784.2099999999999,501.15,975.4000000000001,537.4499999999999,953.1600000000001,675.29,420.93,586.36,1058.73,637.93,1228.0700000000002,551.79,882.7499999999999,559.48,828.48,938.8,954.94,488.46,548.91,761.8100000000001,449.53999999999996,477.35,940.6899999999998,776.55,659.78,1000.5099999999999,1020.4599999999999,555.97,571.4399999999999,449.91,819.5799999999999,658.25,839.84,815.41,1023.18,440.51,1039.95,424.52000000000004,984.7499999999999,687.94,863.6200000000001,525.6,695.6500000000001,744.93,643.3199999999999,738.9300000000001,623.37
2019_8,472.09,327.86,439.31999999999994,284.48999999999995,567.1700000000001,305.6,451.35,352.40000000000003,766.0799999999999,776.05,593.9399999999999,765.5400000000001,419.91,700.62,834.69,308.78999999999996,675.5,440.38,642.6400000000001,517.46,628.4300000000001,585.6300000000001,278.03,420.98999999999995,524.4799999999999,746.9300000000001,533.2900000000001,592.8600000000001,472.5,556.7700000000001,633.13,338.08,301.65000000000003,432.71000000000004,586.76,341.42,854.93,730.99,702.5699999999999,688.65,580.04,884.25,323.62,456.99000000000007,330.99,451.43,639.04,827.55,730.24,291.81,386.51000000000005,539.0600000000001,467.34
2019_9,401.59,495.21000000000004,358.70000000000005,420.15,606.6,459.80999999999995,571.51,220.07,364.23999999999995,305.33,327.44,387.01,424.03,550.34,334.21,356.2,488.11,507.14000000000004,424.95,539.45,472.59000000000003,321.65,268.33,281.17,238.17000000000002,549.29,337.95,519.4599999999999,425.64000000000004,481.17999999999995,381.75000000000006,240.65,311.41,269.89,349.28000000000003,293.59,451.73,353.73,446.07,254.48,445.25,277.4699999999999,372.71999999999997,363.81,350.5,352.56,476.78,354.7199999999999,455.96999999999997,279.26,397.02000000000004,390.52000000000004,415.91999999999996
2019_10,254.62,295.01,265.54,304.05,310.28,291.8,223.10999999999999,331.73999999999995,299.22,299.78,324.99999999999994,252.02999999999997,263.0,271.19,271.06,288.16,301.65,411.89000000000004,234.16,339.13,327.20000000000005,302.91999999999996,225.22000000000003,254.95000000000002,351.58,253.19,232.36999999999998,283.02000000000004,312.03,293.76,293.77,327.83,264.55,291.51,309.62,260.39,324.07000000000005,301.27,268.69,244.45,372.14000000000004,243.14,243.29000000000002,248.19999999999996,250.45999999999998,267.78999999999996,274.46,290.03999999999996,241.54999999999998,290.07,333.14,286.47,295.34999999999997
2019_11,146.0,129.23,111.34,146.03,137.29,224.45,173.73000000000002,168.82999999999998,168.98,193.36,148.39999999999998,191.76,187.76999999999998,117.97999999999999,206.34,217.51999999999998,226.2,189.15999999999997,175.77,206.97,237.89999999999998,176.14000000000001,176.3,201.53,241.19,148.4,188.19,157.25,141.13,228.76,200.82999999999998,205.04999999999998,210.77999999999997,196.27,187.45,245.13,188.04000000000002,202.3,221.65999999999997,174.06,171.55,247.06,151.24,108.21000000000001,136.11999999999998,265.96,243.02999999999997,194.65,187.51,173.07,229.35999999999999,186.26,234.4
2019_12,177.75,178.02,202.99,188.59,166.14,305.59000000000003,215.92000000000002,184.32,186.68,205.4,146.18,221.51999999999998,195.86,285.36,202.6,365.43,174.38,217.26999999999998,189.48000000000002,216.18,260.29,383.96,184.45,203.17000000000002,229.91,234.56,231.27,218.21,180.32999999999998,123.83999999999999,220.07000000000002,146.03000000000003,220.87,215.95,228.69,202.60999999999999,301.06,191.62,248.32,235.89,283.11,183.18,186.79000000000002,73.63,260.71000000000004,168.5,335.61,274.29,172.99,185.26,249.01999999999998,216.86,194.6
2020_1,298.04,278.40999999999997,306.48,370.71999999999997,382.46,276.83,310.37,273.07,316.71999999999997,301.97,425.61,314.57,355.40999999999997,198.58999999999997,307.43,276.68,392.61,318.85,389.8,282.74,252.29000000000002,231.92,434.97999999999996,461.3,237.42000000000002,435.66,376.09000000000003,242.12,206.47,322.53999999999996,229.18,308.95,377.07,240.42000000000002,256.63,346.26,211.41,383.42,235.72,312.20000000000005,293.93000000000006,323.89,454.56999999999994,253.86999999999998,423.52,283.39,288.56,347.69,338.02,341.55999999999995,319.85,316.64,292.72
2020_2,651.27,319.55,484.58000000000004,494.07,356.67999999999995,294.55,451.49,349.97999999999996,313.83000000000004,522.5,235.04999999999998,346.62,453.14,362.44,311.90000000000003,225.37,419.57000000000005,359.26,308.39000000000004,464.48,417.68,557.0899999999999,632.51,390.27,360.5,438.06999999999994,413.06,375.73,575.5600000000001,436.04999999999995,324.21999999999997,610.36,336.14,579.4,289.61,343.68,420.45000000000005,516.63,288.88,394.36,483.95,267.82,385.8,430.04,420.42,186.2,439.05,516.0,580.38,386.17999999999995,411.29,410.41999999999996,310.07
2020_3,448.71000000000004,1025.09,524.06,803.3499999999999,857.42,968.8199999999999,695.8700000000001,505.97,885.87,663.21,760.6,729.12,498.25,468.28000000000003,1453.39,767.88,705.7,627.42,559.48,526.64,702.5200000000001,1173.78,719.3399999999999,683.3,848.34,453.18,760.2299999999999,539.18,779.52,592.83,827.55,565.51,825.8199999999999,1018.79,785.6700000000001,479.64000000000004,590.11,521.99,736.91,553.85,397.45000000000005,718.96,592.61,657.76,738.73,642.3,585.0899999999999,442.46999999999997,911.9499999999999,510.02,581.03,694.4200000000001,530.73
2020_4,754.66,632.74,1092.15,682.01,937.04,748.24,841.76,760.71,880.74,1156.85,550.61,986.54,1382.4099999999999,727.53,792.6,1125.49,978.73,909.71,1311.1999999999998,943.75,669.26,1135.71,787.8,971.61,931.1800000000001,1904.31,866.82,1360.77,828.37,924.3899999999999,943.05,649.15,770.5899999999999,1364.66,878.88,807.56,995.1700000000001,859.2,1191.8600000000001,573.34,725.79,972.6400000000001,591.39,955.15,801.62,769.5799999999999,829.82,933.6299999999999,757.4,800.73,999.1899999999999,916.6199999999999,1021.27
2020_5,472.4,980.9899999999999,1001.31,870.4899999999999,761.34,483.65999999999997,1482.43,603.8299999999999,1101.85,992.9200000000001,902.4300000000001,905.6800000000001,1043.6299999999999,980.82,912.5699999999999,712.62,1266.8600000000001,1335.27,997.74,728.94,655.8100000000001,693.06,743.8199999999999,1499.31,908.3299999999999,1016.53,1001.17,1153.98,1504.96,1005.8900000000001,689.78,1267.48,596.27,1089.21,1103.06,1162.49,847.0699999999999,1400.1799999999998,641.6300000000001,1006.06,999.17,1580.3700000000001,990.46,1173.74,1338.18,1221.1100000000001,957.6800000000001,865.45,1051.1,715.2399999999999,764.71,983.9200000000001,1204.0900000000001
2020_6,682.8199999999999,660.28,952.7600000000001,1026.52,763.06,758.21,1324.13,1122.6499999999999,851.36,507.06,1002.5,888.6800000000001,1037.62,787.14,1174.06,880.7099999999999,776.15,1668.8300000000002,1120.6699999999998,822.3800000000001,1138.2900000000002,942.5699999999999,945.05,1069.71,1328.7700000000002,882.37,984.4100000000001,690.35,1507.86,881.23,1268.88,720.9,654.5,1299.0299999999997,999.3900000000001,895.73,1309.07,952.8299999999999,1009.3499999999999,1116.27,906.31,943.2399999999999,1348.64,1019.56,589.79,962.84,808.8,471.56,1067.48,859.53,1383.29,975.82,1099.3500000000001
2020_7,970.0999999999999,705.27,961.15,844.9499999999999,615.8699999999999,557.5,648.98,681.28,693.38,969.7900000000001,637.5,891.17,1309.15,658.03,1089.58,855.23,367.45,649.87,713.9699999999999,953.3199999999999,1132.4499999999998,750.78,791.82,823.77,788.3499999999999,1056.44,664.91,729.49,707.96,889.0600000000001,690.06,695.3199999999999,732.65,1191.42,729.18,446.63,733.16,814.6999999999999,751.6600000000001,630.0600000000001,908.1200000000001,1247.99,798.2599999999999,862.6000000000001,738.43,776.0,794.6100000000001,582.48,964.8100000000001,829.85,798.8800000000001,800.51,1046.35
2020_8,684.56,890.99,503.26,740.33,547.61,850.2500000000001,705.1199999999999,806.5500000000001,1050.61,692.74,692.83,573.48,824.58,979.3000000000001,625.2299999999999,719.03,633.1399999999999,797.8799999999999,693.21,1143.3100000000002,569.32,743.8499999999999,513.0600000000001,865.4,774.8,420.46000000000004,629.5500000000001,694.7400000000001,810.0,773.72,846.26,508.60999999999996,609.55,995.56,765.9300000000001,520.9100000000001,701.43,734.8500000000001,680.88,659.7,795.7299999999999,491.37,780.48,707.9599999999999,893.78,593.2099999999999,649.17,1011.52,885.59,748.5299999999999,809.31,732.16,775.29
2020_9,310.78,720.1400000000001,354.43,409.28000000000003,232.70999999999998,299.11999999999995,366.99000000000007,326.78000000000003,410.67999999999995,407.40000000000003,314.94,495.02000000000004,346.39,339.16,401.03,340.70000000000005,273.9800000000001,449.28999999999996,367.0,269.98,268.28,385.19,333.67,406.17,513.16,311.9,607.16,311.04,249.83999999999997,458.37000000000006,333.46,323.15999999999997,358.37999999999994,327.54999999999995,303.23,439.7,388.09000000000003,428.49000000000007,418.88,410.09000000000003,383.38,520.71,666.12,315.04999999999995,451.22,488.31,644.2199999999999,487.14,297.13000000000005,692.05,511.87,401.35,260.94
2020_10,103.98,86.87,91.66,178.32999999999998,180.11,189.47,159.05,152.67000000000002,148.01999999999998,89.28999999999999,144.47,192.33,190.57999999999998,62.86999999999999,135.19,122.6,109.52000000000001,151.26999999999998,149.08,99.83000000000001,173.16,136.12,156.32,136.85,143.14,179.06,130.51000000000002,166.23999999999998,166.31,134.85,71.22,147.05,218.88,162.16000000000003,202.49,161.14999999999998,108.99,140.79000000000002,150.22000000000003,121.02000000000001,85.00999999999999,167.02,125.66999999999999,155.69,87.71999999999998,139.22,86.09,137.19,161.12,251.37,150.35,143.0,50.03
2020_11,165.91,196.86,174.07999999999998,86.99000000000001,145.57,156.83999999999997,162.46999999999997,146.91,151.66,190.8,112.88,117.06,127.35,182.85000000000002,115.38999999999999,152.34,207.41000000000003,132.89999999999998,188.78,105.88,146.98000000000002,224.6,120.16,76.72999999999999,237.2,173.8,149.60999999999999,177.69,105.32,121.2,166.57,207.73,124.46000000000001,254.62,204.15,169.59000000000003,175.17000000000002,120.11,142.74,143.82,126.04000000000002,123.23,186.07,99.13999999999999,188.90999999999997,122.22,194.55,132.64999999999998,151.91,180.09,91.86,154.14,42.85000000000001
2020_12,223.11,174.49,147.54,203.04000000000002,227.87,181.82,163.29000000000002,297.24,205.35999999999999,109.38,153.87,210.05000000000004,178.71,237.51000000000002,231.95999999999998,138.91,132.38,231.18,295.51,265.09000000000003,162.0,120.07000000000001,155.76999999999998,180.88,123.72,212.66000000000003,133.75,185.41000000000003,303.67,244.38,280.19,185.17000000000002,221.16,285.88,166.52,186.84,160.21,195.13,261.68000000000006,198.16,206.08,191.6,205.82999999999998,179.85,136.45,82.19,126.03999999999999,205.72,327.31,250.97,181.3,197.32999999999998,7.09
